{"cameraMode":{"drawMode":0,"name":"Shaded","section":"Shading Mode"},"sceneLighting":true,"audioPlay":false,"sceneViewState":{"m_AlwaysRefresh":false,"showFog":true,"showSkybox":true,"showFlares":true,"showImageEffects":true,"showParticleSystems":true,"showVisualEffectGraphs":true,"m_FxEnabled":true},"in2DMode":false,"pivot":{"x":8.45620059967041,"y":-17.406749725341798,"z":24.52863311767578},"rotation":{"x":0.20436206459999085,"y":-0.0014732920099049807,"z":0.00030690288986079395,"w":0.9789067506790161},"size":43.84085464477539,"orthographic":false}